{
    "cat_acc": 0.9704433497536946,
    "cat_prec": 0.970681520036641,
    "cat_rec": 0.970442632498544,
    "cat_f1": 0.9705154338963308,
    "sent_acc": 0.9852216748768473,
    "sent_prec": 0.9852214960058098,
    "sent_rec": 0.9852214960058098,
    "sent_f1": 0.9852214960058098,
    "total_filas": 1622
}